{"7bcbcfb9-9ef7-4c08-8696-ea45c54a0ff4": 0.01393438720703144, "0200462c-b38e-4df1-9e9c-016fe141cb2a": 0.01393438720703144}